{
  "id": "gen_34315",
  "name": "자동생성 시나리오 (1기)",
  "seed": 34315,
  "created_at": "2025-12-01T10:19:08.597Z",
  "drones": [
    {
      "id": "DRONE-A",
      "position": {
        "x": 271.6709700754189,
        "y": 273.75401424143996,
        "altitude": 76.22172913514078
      },
      "velocity": {
        "vx": -4.945662710958425,
        "vy": -0.7812126902296449,
        "climbRate": -0.8584156846627593
      },
      "behavior": "EVADE",
      "is_hostile": true,
      "config": {
        "max_speed": 27.961346013471484,
        "cruise_speed": 5.006982416380197,
        "acceleration": 7.697709163883701,
        "turn_rate": 86.89724564203061,
        "evasion_trigger_distance": 83.63140790490434,
        "evasion_maneuver_strength": 0.8527599334483966
      }
    }
  ],
  "interceptor_count": 5,
  "radar_config": {
    "scan_rate": 1.1645011426880956,
    "max_range": 1146,
    "radial_noise_sigma": 5.361346527934074,
    "azimuth_noise_sigma": 3.6978113343939185,
    "false_alarm_rate": 0.026827205904992296,
    "miss_probability": 0.06037081290967762
  },
  "behavior_distribution": {
    "direct_attack": 0.35147311082386784,
    "recon_loiter": 0.24932165709838872,
    "evasive": 0.27843762958043206,
    "random_walk": 0.12076760249731135
  },
  "metadata": {
    "hostile_ratio": 0.849005184834823,
    "avg_initial_distance": 386,
    "difficulty_estimate": 4
  }
}