{
  "id": "gen_20003",
  "name": "자동생성 시나리오 (2기)",
  "seed": 20003,
  "created_at": "2025-12-02T02:58:04.944Z",
  "drones": [
    {
      "id": "DRONE-A",
      "position": {
        "x": -622.5363826576468,
        "y": 307.41618398225705,
        "altitude": 117.85352452890947
      },
      "velocity": {
        "vx": 15.12383871009063,
        "vy": -7.468339060877046,
        "climbRate": -1.895326222293079
      },
      "behavior": "NORMAL",
      "is_hostile": true,
      "drone_type": "RECON_UAV",
      "armed": false,
      "size_class": "SMALL",
      "recommended_method": "JAM",
      "config": {
        "max_speed": 21.230182975530624,
        "cruise_speed": 16.867323013953865,
        "acceleration": 5.949199901428074,
        "turn_rate": 84.56533572636545,
        "climb_rate": 5.974864279385656,
        "evasion_trigger_distance": 113.94436477683485,
        "evasion_maneuver_strength": 0.821763715823181
      }
    },
    {
      "id": "DRONE-B",
      "position": {
        "x": 415.8961369949572,
        "y": 483.29750054626015,
        "altitude": 125.820681899786
      },
      "velocity": {
        "vx": -6.267559208792173,
        "vy": 5.393476399893635,
        "climbRate": -1.7814759984612465
      },
      "behavior": "RECON",
      "is_hostile": true,
      "drone_type": "LOITER_MUNITION",
      "armed": true,
      "size_class": "MEDIUM",
      "recommended_method": "GUN",
      "config": {
        "max_speed": 26.45418932544999,
        "cruise_speed": 16.53745882678777,
        "acceleration": 9.34182768757455,
        "turn_rate": 91.34950932813808,
        "climb_rate": 7.730055131949484,
        "evasion_trigger_distance": 115.41002456098795,
        "evasion_maneuver_strength": 0.694680135929957
      },
      "target_position": {
        "x": -115.9210279583931,
        "y": 9.84422778710723,
        "altitude": 100.26631215587258
      }
    }
  ],
  "interceptor_count": 2,
  "radar_config": {
    "scan_rate": 1.2502556738909334,
    "max_range": 877,
    "radial_noise_sigma": 16.74009862355888,
    "azimuth_noise_sigma": 2.296381109394133,
    "false_alarm_rate": 0.021525622585322708,
    "miss_probability": 0.1143839465919882
  },
  "acoustic_config": {
    "enabled": true,
    "detection_range": 978,
    "takeoff_boost": 0.2475452795624733,
    "approach_boost": 0.18381340764462947,
    "false_alarm_rate": 0.0056364581850357354,
    "miss_probability": 0.10256252894178033
  },
  "behavior_distribution": {
    "direct_attack": 0.42861828286890347,
    "recon_loiter": 0.22348095537529353,
    "evasive": 0.1771084963186788,
    "random_walk": 0.17079226543712434
  },
  "metadata": {
    "hostile_ratio": 1,
    "armed_ratio": 0.5,
    "avg_initial_distance": 666,
    "difficulty_estimate": 7,
    "drone_type_distribution": {
      "RECON_UAV": 1,
      "ATTACK_UAV": 0,
      "LOITER_MUNITION": 1,
      "CARGO_UAV": 0,
      "CIVILIAN": 0,
      "UNKNOWN": 0
    },
    "size_distribution": {
      "SMALL": 1,
      "MEDIUM": 1,
      "LARGE": 0
    }
  }
}