{
  "id": "gen_54322",
  "name": "자동생성 시나리오 (9기)",
  "seed": 54322,
  "created_at": "2025-12-02T03:20:57.522Z",
  "drones": [
    {
      "id": "DRONE-A",
      "position": {
        "x": -242.92229910345057,
        "y": -374.5862682539791,
        "altitude": 182.22026306204498
      },
      "velocity": {
        "vx": 6.011393057581825,
        "vy": -3.898438213362847,
        "climbRate": -0.6893999874591827
      },
      "behavior": "RECON",
      "is_hostile": false,
      "drone_type": "CARGO_UAV",
      "armed": false,
      "size_class": "LARGE",
      "recommended_method": null,
      "config": {
        "max_speed": 16.190969659248367,
        "cruise_speed": 14.329642981756479,
        "acceleration": 5.0104465240146965,
        "turn_rate": 62.71257130312733,
        "climb_rate": 3.561609461437911,
        "evasion_trigger_distance": 101.15468861535192,
        "evasion_maneuver_strength": 0.8566278427606449
      },
      "target_position": {
        "x": -156.94713415578008,
        "y": 107.444919180125,
        "altitude": 144.12958581000566
      }
    },
    {
      "id": "DRONE-B",
      "position": {
        "x": 416.0689468495736,
        "y": 387.18153920601543,
        "altitude": 91.98479233076796
      },
      "velocity": {
        "vx": -17.856259104454764,
        "vy": -16.61651016465736,
        "climbRate": 0.7339218640699983
      },
      "behavior": "NORMAL",
      "is_hostile": false,
      "drone_type": "UNKNOWN",
      "armed": false,
      "size_class": "MEDIUM",
      "recommended_method": null,
      "config": {
        "max_speed": 28.471814359072596,
        "cruise_speed": 24.391687093302608,
        "acceleration": 3.547481810906902,
        "turn_rate": 103.30120427417569,
        "climb_rate": 7.279332736041397,
        "evasion_trigger_distance": 136.83743021683767,
        "evasion_maneuver_strength": 0.5871953256428242
      }
    },
    {
      "id": "DRONE-C",
      "position": {
        "x": -451.16773104144386,
        "y": 504.0071997868562,
        "altitude": 43.66753054317087
      },
      "velocity": {
        "vx": 22.556423208971236,
        "vy": -25.198166705137286,
        "climbRate": -1.2044710665941238
      },
      "behavior": "ATTACK_RUN",
      "is_hostile": true,
      "drone_type": "ATTACK_UAV",
      "armed": true,
      "size_class": "MEDIUM",
      "recommended_method": "GUN",
      "config": {
        "max_speed": 36.994216580176726,
        "cruise_speed": 33.819222836755216,
        "acceleration": 6.937013052171096,
        "turn_rate": 117.28353173704818,
        "climb_rate": 3.4615473479498178,
        "evasion_trigger_distance": 99.78207010077313,
        "evasion_maneuver_strength": 0.9471969956066459
      }
    },
    {
      "id": "DRONE-D",
      "position": {
        "x": 264.8826309348777,
        "y": 434.30325978737915,
        "altitude": 171.86964459717274
      },
      "velocity": {
        "vx": -7.39473416010355,
        "vy": 4.510066630287729,
        "climbRate": -1.830615564249456
      },
      "behavior": "RECON",
      "is_hostile": false,
      "drone_type": "RECON_UAV",
      "armed": false,
      "size_class": "MEDIUM",
      "recommended_method": null,
      "config": {
        "max_speed": 20.168062383309007,
        "cruise_speed": 17.323139935731888,
        "acceleration": 6.454662069445476,
        "turn_rate": 79.60241971188225,
        "climb_rate": 3.7076754688750952,
        "evasion_trigger_distance": 80.0919614196755,
        "evasion_maneuver_strength": 0.8202402143506333
      },
      "target_position": {
        "x": -86.61650884896517,
        "y": 87.55826568230987,
        "altitude": 116.6340547427535
      }
    },
    {
      "id": "DRONE-E",
      "position": {
        "x": 350.3012334398734,
        "y": -102.1954151137233,
        "altitude": 100.18304673023522
      },
      "velocity": {
        "vx": -7.254679517944985,
        "vy": 17.187815295345818,
        "climbRate": -1.5671014785766602
      },
      "behavior": "EVADE",
      "is_hostile": true,
      "drone_type": "UNKNOWN",
      "armed": true,
      "size_class": "LARGE",
      "recommended_method": "NET",
      "config": {
        "max_speed": 26.941493669291958,
        "cruise_speed": 18.65613490343094,
        "acceleration": 4.9481478000525385,
        "turn_rate": 111.03962159715593,
        "climb_rate": 4.691891128430143,
        "evasion_trigger_distance": 92.5109201692976,
        "evasion_maneuver_strength": 0.6796096846228465
      }
    },
    {
      "id": "DRONE-F",
      "position": {
        "x": 572.5678242413347,
        "y": 371.3783330305091,
        "altitude": 184.4489622209221
      },
      "velocity": {
        "vx": -14.68749116187651,
        "vy": -9.526584892061518,
        "climbRate": 0.5396170374006033
      },
      "behavior": "NORMAL",
      "is_hostile": true,
      "drone_type": "RECON_UAV",
      "armed": false,
      "size_class": "SMALL",
      "recommended_method": "JAM",
      "config": {
        "max_speed": 22.18718816060573,
        "cruise_speed": 17.506519252434373,
        "acceleration": 9.216512968065217,
        "turn_rate": 93.94486935809255,
        "climb_rate": 6.617276194272563,
        "evasion_trigger_distance": 85.70945366984233,
        "evasion_maneuver_strength": 0.716491409461014
      }
    },
    {
      "id": "DRONE-G",
      "position": {
        "x": -387.8874462722252,
        "y": 31.2266906102477,
        "altitude": 33.584223380312324
      },
      "velocity": {
        "vx": -0.6010452217888962,
        "vy": -7.4659815567298375,
        "climbRate": 0.8490783544257283
      },
      "behavior": "RECON",
      "is_hostile": false,
      "drone_type": "UNKNOWN",
      "armed": false,
      "size_class": "LARGE",
      "recommended_method": null,
      "config": {
        "max_speed": 27.133529752027243,
        "cruise_speed": 14.980271821841598,
        "acceleration": 8.037253568414599,
        "turn_rate": 90.3390863200184,
        "climb_rate": 7.688998156925663,
        "evasion_trigger_distance": 84.50338809983805,
        "evasion_maneuver_strength": 0.6867792722769082
      },
      "target_position": {
        "x": -51.822276040911674,
        "y": -32.957650162279606,
        "altitude": 104.1184725612402
      }
    },
    {
      "id": "DRONE-H",
      "position": {
        "x": -563.9783490715542,
        "y": 333.4479047492487,
        "altitude": 170.80515471519902
      },
      "velocity": {
        "vx": -3.619217104102471,
        "vy": -6.121376257674151,
        "climbRate": 0.6130566783249378
      },
      "behavior": "RECON",
      "is_hostile": false,
      "drone_type": "CARGO_UAV",
      "armed": false,
      "size_class": "LARGE",
      "recommended_method": null,
      "config": {
        "max_speed": 15.597167908446863,
        "cruise_speed": 14.222514508292079,
        "acceleration": 6.17099334532395,
        "turn_rate": 101.6102073120419,
        "climb_rate": 6.7685220676939934,
        "evasion_trigger_distance": 146.71948087401688,
        "evasion_maneuver_strength": 0.933914290741086
      },
      "target_position": {
        "x": -133.10938216745853,
        "y": -126.85249354690313,
        "altitude": 153.8501887768507
      }
    },
    {
      "id": "DRONE-I",
      "position": {
        "x": -536.2923356450125,
        "y": 469.8597215822689,
        "altitude": 195.32716080313548
      },
      "velocity": {
        "vx": 9.855280129484276,
        "vy": -8.634468311364937,
        "climbRate": -1.513317545875907
      },
      "behavior": "NORMAL",
      "is_hostile": false,
      "drone_type": "CARGO_UAV",
      "armed": false,
      "size_class": "MEDIUM",
      "recommended_method": null,
      "config": {
        "max_speed": 17.23654270148836,
        "cruise_speed": 13.102693976834416,
        "acceleration": 5.290141903795302,
        "turn_rate": 51.07858638977632,
        "climb_rate": 4.404352483805269,