{
  "id": "gen_1764601241628",
  "name": "자동생성 시나리오 (12기)",
  "seed": 1764601241628,
  "created_at": "2025-12-01T15:00:41.629Z",
  "drones": [
    {
      "id": "DRONE-A",
      "position": {
        "x": 622.8121890890222,
        "y": 421.75008619876843,
        "altitude": 170.287163304165
      },
      "velocity": {
        "vx": -3.5431577931401677,
        "vy": 5.2322973572397595,
        "climbRate": -1.3079243395477533
      },
      "behavior": "RECON",
      "is_hostile": true,
      "drone_type": "RECON_UAV",
      "armed": false,
      "size_class": "MEDIUM",
      "recommended_method": "NET",
      "config": {
        "max_speed": 22.332041585817933,
        "cruise_speed": 12.63818068895489,
        "acceleration": 3.2550532950554043,
        "turn_rate": 49.33693727245554,
        "climb_rate": 7.483036644523963,
        "evasion_trigger_distance": 131.96123441914096,
        "evasion_maneuver_strength": 0.8015575940953568
      },
      "target_position": {
        "x": 102.52436315640807,
        "y": 33.88999551534653,
        "altitude": 137.20518700778484
      }
    },
    {
      "id": "DRONE-B",
      "position": {
        "x": -299.42559728761995,
        "y": -189.74055077251023,
        "altitude": 155.7520779198967
      },
      "velocity": {
        "vx": -10.73473683223455,
        "vy": 5.03641554367102,
        "climbRate": -1.2632020022720098
      },
      "behavior": "EVADE",
      "is_hostile": true,
      "drone_type": "UNKNOWN",
      "armed": false,
      "size_class": "MEDIUM",
      "recommended_method": "GUN",
      "config": {
        "max_speed": 25.478212727466598,
        "cruise_speed": 11.857489463873208,
        "acceleration": 6.739316731924191,
        "turn_rate": 108.34998534293845,
        "climb_rate": 7.297497820807621,
        "evasion_trigger_distance": 120.74456305243075,
        "evasion_maneuver_strength": 0.8156992533477023
      }
    },
    {
      "id": "DRONE-C",
      "position": {
        "x": -129.33620155541604,
        "y": -419.49960536988993,
        "altitude": 59.34307663701475
      },
      "velocity": {
        "vx": 2.769232300191836,
        "vy": -0.8537838471041554,
        "climbRate": -1.6853893492370844
      },
      "behavior": "RECON",
      "is_hostile": false,
      "drone_type": "CARGO_UAV",
      "armed": false,
      "size_class": "LARGE",
      "recommended_method": null,
      "config": {
        "max_speed": 15.363124345662072,
        "cruise_speed": 5.7957206247374415,
        "acceleration": 4.538742151344195,
        "turn_rate": 47.20363707630895,
        "climb_rate": 3.8072273957077414,
        "evasion_trigger_distance": 110.15938274329528,
        "evasion_maneuver_strength": 0.7429285839898512
      },
      "target_position": {
        "x": 42.56707476451993,
        "y": 31.174782291054726,
        "altitude": 142.7145655825734
      }
    },
    {
      "id": "DRONE-D",
      "position": {
        "x": -35.40835488006581,
        "y": 652.1931728730484,
        "altitude": 121.83769908966497
      },
      "velocity": {
        "vx": 4.964546859326509,
        "vy": 15.589797768445722,
        "climbRate": 0.5129085369408131
      },
      "behavior": "EVADE",
      "is_hostile": true,
      "drone_type": "UNKNOWN",
      "armed": false,
      "size_class": "LARGE",
      "recommended_method": "GUN",
      "config": {
        "max_speed": 25.893118483945727,
        "cruise_speed": 16.361189442686737,
        "acceleration": 7.233641932485625,
        "turn_rate": 88.32087438669987,
        "climb_rate": 5.967821840429679,
        "evasion_trigger_distance": 135.2314510801807,
        "evasion_maneuver_strength": 0.6549496982479468
      }
    },
    {
      "id": "DRONE-E",
      "position": {
        "x": 344.88826428678163,
        "y": 162.98428856335562,
        "altitude": 167.2504262230359
      },
      "velocity": {
        "vx": -18.498569223765756,
        "vy": -8.741892539052685,
        "climbRate": 0.07271560747176409
      },
      "behavior": "NORMAL",
      "is_hostile": false,
      "drone_type": "UNKNOWN",
      "armed": true,
      "size_class": "LARGE",
      "recommended_method": null,
      "config": {
        "max_speed": 25.78859388595447,
        "cruise_speed": 20.460150255821645,
        "acceleration": 8.305294781923294,
        "turn_rate": 72.6732683298178,
        "climb_rate": 4.581985198426992,
        "evasion_trigger_distance": 116.6585168754682,
        "evasion_maneuver_strength": 0.511170644313097
      }
    },
    {
      "id": "DRONE-F",
      "position": {
        "x": 364.5548502951752,
        "y": 447.29773116462314,
        "altitude": 76.98533141054213
      },
      "velocity": {
        "vx": -4.921410807162287,
        "vy": 4.011029019473825,
        "climbRate": 1.2222968935966492
      },
      "behavior": "RECON",
      "is_hostile": false,
      "drone_type": "RECON_UAV",
      "armed": false,
      "size_class": "MEDIUM",
      "recommended_method": null,
      "config": {
        "max_speed": 20.89930979348719,
        "cruise_speed": 12.69781684037298,
        "acceleration": 8.197941550519317,
        "turn_rate": 84.8285465722438,
        "climb_rate": 6.6703862773720175,
        "evasion_trigger_distance": 149.5780914183706,
        "evasion_maneuver_strength": 0.5811578930588439
      },
      "target_position": {
        "x": -102.71104192361236,
        "y": -74.52736422419548,
        "altitude": 143.27971927821636
      }
    },
    {
      "id": "DRONE-G",
      "position": {
        "x": 476.6212239644356,
        "y": 175.6621384253261,
        "altitude": 112.04402449773625
      },
      "velocity": {
        "vx": -1.1810703810952992,
        "vy": 3.2045790610996248,
        "climbRate": 0.05943564046174288
      },
      "behavior": "RECON",
      "is_hostile": false,
      "drone_type": "CIVILIAN",
      "armed": false,
      "size_class": "SMALL",
      "recommended_method": null,
      "config": {
        "max_speed": 12.480033125169575,
        "cruise_speed": 6.8305941773578525,
        "acceleration": 9.915918583516032,
        "turn_rate": 76.43620896153152,
        "climb_rate": 6.32584593212232,
        "evasion_trigger_distance": 93.89373022364452,
        "evasion_maneuver_strength": 0.8126759193837643
      },
      "target_position": {
        "x": 82.03008761629462,
        "y": -75.07789013907313,
        "altitude": 127.1019447222352
      }
    },
    {
      "id": "DRONE-H",
      "position": {
        "x": 299.7051822598241,
        "y": -643.6282148072264,
        "altitude": 144.87615165533498
      },
      "velocity": {
        "vx": 6.847693475318299,
        "vy": 3.188625317947508,
        "climbRate": -1.4742867508903146
      },
      "behavior": "RECON",
      "is_hostile": false,
      "drone_type": "ATTACK_UAV",
      "armed": true,
      "size_class": "LARGE",
      "recommended_method": null,
      "config": {
        "max_speed": 41.84748786827549,
        "cruise_speed": 15.10738062672317,
        "acceleration": 5.194204882485792,
        "turn_rate": 67.04929633880965,
        "climb_rate": 3.1868274190928787,
        "evasion_trigger_distance": 127.28317877277732,
        "evasion_maneuver_strength": 0.803740439703688
      },
      "target_position": {
        "x": -133.03336687386036,
        "y": -142.3093942925334,
        "altitude": 147.62389078736305
      }
    },
    {
      "id": "DRONE-I",
      "position": {
        "x": -25.187106798994794,
        "y": -344.6338902786019,
        "altitude": 89.86234485171735
      },
      "velocity": {
        "vx": 1.2188581324667371,
        "vy": 16.677573301372092,
        "climbRate": 1.7110610790550709
      },
      "behavior": "NORMAL",
      "is_hostile": true,
      "drone_type": "RECON_UAV",
      "armed": false,
      "size_class": "MEDIUM",
      "recommended_method": "NET",
      "config": {
        "max_speed": 23.83680837135762,