{
  "id": "gen_20000",
  "name": "자동생성 시나리오 (9기)",
  "seed": 20000,
  "created_at": "2025-12-02T02:57:44.876Z",
  "drones": [
    {
      "id": "DRONE-A",
      "position": {
        "x": 261.03358213345416,
        "y": -295.3029397425148,
        "altitude": 173.3971619582735
      },
      "velocity": {
        "vx": 7.22258651261314,
        "vy": 6.384418764337645,
        "climbRate": -1.8062616605311632
      },
      "behavior": "RECON",
      "is_hostile": true,
      "drone_type": "RECON_UAV",
      "armed": false,
      "size_class": "SMALL",
      "recommended_method": "NET",
      "config": {
        "max_speed": 21.686259656213224,
        "cruise_speed": 19.27968452963978,
        "acceleration": 7.815480286953971,
        "turn_rate": 97.89467956172302,
        "climb_rate": 4.182989181252196,
        "evasion_trigger_distance": 82.85487008746713,
        "evasion_maneuver_strength": 0.6921046422794461
      },
      "target_position": {
        "x": 195.00653631985188,
        "y": 37.613688223063946,
        "altitude": 113.96342096850276
      }
    },
    {
      "id": "DRONE-B",
      "position": {
        "x": -616.7555992836993,
        "y": 303.85757209015753,
        "altitude": 45.863314284943044
      },
      "velocity": {
        "vx": 2.818561942164979,
        "vy": 13.175078582150773,
        "climbRate": 0.6554898833855987
      },
      "behavior": "EVADE",
      "is_hostile": true,
      "drone_type": "LOITER_MUNITION",
      "armed": true,
      "size_class": "SMALL",
      "recommended_method": "JAM",
      "config": {
        "max_speed": 27.469508798094466,
        "cruise_speed": 13.473195132100955,
        "acceleration": 7.114653240190819,
        "turn_rate": 90.0544603227172,
        "climb_rate": 3.2311872667632997,
        "evasion_trigger_distance": 106.31591677200049,
        "evasion_maneuver_strength": 0.5112845103722066
      }
    },
    {
      "id": "DRONE-C",
      "position": {
        "x": -576.4881879410696,
        "y": 163.17915950903298,
        "altitude": 84.38917712308466
      },
      "velocity": {
        "vx": 17.60334755524779,
        "vy": -4.982755100099919,
        "climbRate": -1.4693136531859636
      },
      "behavior": "NORMAL",
      "is_hostile": false,
      "drone_type": "RECON_UAV",
      "armed": false,
      "size_class": "MEDIUM",
      "recommended_method": null,
      "config": {
        "max_speed": 20.503896929323673,
        "cruise_speed": 18.29496361128986,
        "acceleration": 4.881790135521442,
        "turn_rate": 71.23588250717148,
        "climb_rate": 3.604476692387834,
        "evasion_trigger_distance": 95.30656781746075,
        "evasion_maneuver_strength": 0.7758768311468884
      }
    },
    {
      "id": "DRONE-D",
      "position": {
        "x": -133.12935419429323,
        "y": 580.0048463726298,
        "altitude": 75.07730860263109
      },
      "velocity": {
        "vx": -12.102508570901783,
        "vy": -2.777906357596058,
        "climbRate": -0.6765454281121492
      },
      "behavior": "RECON",
      "is_hostile": false,
      "drone_type": "UNKNOWN",
      "armed": false,
      "size_class": "MEDIUM",
      "recommended_method": null,
      "config": {
        "max_speed": 25.659290953772143,
        "cruise_speed": 24.834450059570372,
        "acceleration": 5.192781172692776,
        "turn_rate": 75.04495741333812,
        "climb_rate": 5.025976512813941,
        "evasion_trigger_distance": 109.44148237584159,
        "evasion_maneuver_strength": 0.7713452205061913
      },
      "target_position": {
        "x": -132.13714668527246,
        "y": -144.46567092090845,
        "altitude": 112.57191201671958
      }
    },
    {
      "id": "DRONE-E",
      "position": {
        "x": -620.2286979465377,
        "y": 164.8564379495339,
        "altitude": 145.45895306160673
      },
      "velocity": {
        "vx": 10.337885444208329,
        "vy": -2.747804117908494,
        "climbRate": 0.6883638352155685
      },
      "behavior": "NORMAL",
      "is_hostile": true,
      "drone_type": "RECON_UAV",
      "armed": false,
      "size_class": "SMALL",
      "recommended_method": "JAM",
      "config": {
        "max_speed": 20.244197867810726,
        "cruise_speed": 10.696836117655039,
        "acceleration": 9.4303960762918,
        "turn_rate": 97.48209096025676,
        "climb_rate": 4.067721997387707,
        "evasion_trigger_distance": 137.45129867689684,
        "evasion_maneuver_strength": 0.9718313633929938
      }
    },
    {
      "id": "DRONE-F",
      "position": {
        "x": 341.26048392934985,
        "y": 76.54263256272174,
        "altitude": 140.6509042950347
      },
      "velocity": {
        "vx": -2.722053878717991,
        "vy": 12.136104976163027,
        "climbRate": -1.7050914466381073
      },
      "behavior": "RECON",
      "is_hostile": true,
      "drone_type": "UNKNOWN",
      "armed": false,
      "size_class": "SMALL",
      "recommended_method": "JAM",
      "config": {
        "max_speed": 27.71692443289794,
        "cruise_speed": 24.875258496031165,
        "acceleration": 6.7424423021730036,
        "turn_rate": 59.908129727700725,
        "climb_rate": 7.8360582056920975,
        "evasion_trigger_distance": 148.47270832397044,
        "evasion_maneuver_strength": 0.8792710547568277
      },
      "target_position": {
        "x": 183.80395649001002,
        "y": -15.510648675262928,
        "altitude": 140.8059123158455
      }
    },
    {
      "id": "DRONE-G",
      "position": {
        "x": 578.0602679812038,
        "y": -83.52652369785858,
        "altitude": 51.076751542277634
      },
      "velocity": {
        "vx": -9.745875889598492,
        "vy": 1.4082253677317371,
        "climbRate": 0.9996414361521602
      },
      "behavior": "NORMAL",
      "is_hostile": true,
      "drone_type": "UNKNOWN",
      "armed": false,
      "size_class": "MEDIUM",
      "recommended_method": "GUN",
      "config": {
        "max_speed": 25.567019222071394,
        "cruise_speed": 9.847090714611113,
        "acceleration": 5.018254486145452,
        "turn_rate": 100.88027571793646,
        "climb_rate": 3.255578641081229,
        "evasion_trigger_distance": 106.8724043853581,
        "evasion_maneuver_strength": 0.5674714228371158
      }
    },
    {
      "id": "DRONE-H",
      "position": {
        "x": -555.7332669575607,
        "y": -570.1308447500986,
        "altitude": 165.0753518450074
      },
      "velocity": {
        "vx": 19.685983306910845,
        "vy": 20.195995021047615,
        "climbRate": -0.41251346468925476
      },
      "behavior": "NORMAL",
      "is_hostile": true,
      "drone_type": "ATTACK_UAV",
      "armed": true,
      "size_class": "LARGE",
      "recommended_method": "GUN",
      "config": {
        "max_speed": 41.642522459616885,
        "cruise_speed": 28.2031231187284,
        "acceleration": 9.81587824667804,
        "turn_rate": 99.22974728280678,
        "climb_rate": 7.202135325176641,
        "evasion_trigger_distance": 130.39816179545596,
        "evasion_maneuver_strength": 0.5796584057388827
      }
    },
    {
      "id": "DRONE-I",
      "position": {
        "x": 738.8485584627605,
        "y": 252.26177681278244,
        "altitude": 147.90420077973977
      },
      "velocity": {
        "vx": -2.867160320428041,
        "vy": 8.397614955364663,
        "climbRate": 0.26313074212521315
      },
      "behavior": "RECON",
      "is_hostile": true,
      "drone_type": "UNKNOWN",
      "armed": true,
      "size_class": "LARGE",
      "recommended_method": "JAM",
      "config": {
        "max_speed": 25.935833944240585,
        "cruise_speed": 17.747173886746168,
        "acceleration": 5.042276739375666,
        "turn_rate": 75.72044529835694,
        "climb_rate": 4.476149238878861,
        "evasion_trigger_distance": 114.49904459994286,
        "evasion_maneuver_strength": 0.8376534811686724
      },