{
  "id": "gen_54332",
  "name": "자동생성 시나리오 (15기)",
  "seed": 54332,
  "created_at": "2025-12-02T03:22:04.446Z",
  "drones": [
    {
      "id": "DRONE-A",
      "position": {
        "x": -45.435363457048176,
        "y": 776.1562048819189,
        "altitude": 135.31967252725735
      },
      "velocity": {
        "vx": 1.0851003626269413,
        "vy": -18.536384773694884,
        "climbRate": 1.8582300636917353
      },
      "behavior": "NORMAL",
      "is_hostile": false,
      "drone_type": "RECON_UAV",
      "armed": false,
      "size_class": "SMALL",
      "recommended_method": null,
      "config": {
        "max_speed": 23.37648618221283,
        "cruise_speed": 18.568117924965918,
        "acceleration": 6.598219444509596,
        "turn_rate": 58.13905121642165,
        "climb_rate": 3.5891626805532724,
        "evasion_trigger_distance": 128.7123209494166,
        "evasion_maneuver_strength": 0.6707578706555068
      }
    },
    {
      "id": "DRONE-B",
      "position": {
        "x": -272.6110222692471,
        "y": 534.791028457733,
        "altitude": 145.29154473217204
      },
      "velocity": {
        "vx": 8.441929556877142,
        "vy": -16.560842449837196,
        "climbRate": 0.5821384508162737
      },
      "behavior": "NORMAL",
      "is_hostile": false,
      "drone_type": "RECON_UAV",
      "armed": false,
      "size_class": "SMALL",
      "recommended_method": null,
      "config": {
        "max_speed": 21.273670515976846,
        "cruise_speed": 18.588374788872898,
        "acceleration": 3.65177006367594,
        "turn_rate": 98.72173247742467,
        "climb_rate": 3.5036458012182266,
        "evasion_trigger_distance": 94.62703623343259,
        "evasion_maneuver_strength": 0.9482995113357902
      }
    },
    {
      "id": "DRONE-C",
      "position": {
        "x": 92.64826667361056,
        "y": 641.9140641703489,
        "altitude": 153.48195302765816
      },
      "velocity": {
        "vx": -7.1445801171706025,
        "vy": 1.0311862613917373,
        "climbRate": 1.3433833038434386
      },
      "behavior": "RECON",
      "is_hostile": false,
      "drone_type": "UNKNOWN",
      "armed": false,
      "size_class": "LARGE",
      "recommended_method": null,
      "config": {
        "max_speed": 28.0582729796879,
        "cruise_speed": 14.437225516885519,
        "acceleration": 5.860188089078292,
        "turn_rate": 118.84501582710072,
        "climb_rate": 5.5130419980268925,
        "evasion_trigger_distance": 142.3180089215748,
        "evasion_maneuver_strength": 0.9206181339686736
      },
      "target_position": {
        "x": -84.16366903111339,
        "y": 96.24228430911899,
        "altitude": 173.85435044765472
      }
    },
    {
      "id": "DRONE-D",
      "position": {
        "x": 320.6661252606163,
        "y": -429.6257590174927,
        "altitude": 85.46000027563423
      },
      "velocity": {
        "vx": 4.735658817958173,
        "vy": 3.534623638917069,
        "climbRate": 1.5989670902490616
      },
      "behavior": "RECON",
      "is_hostile": false,
      "drone_type": "CARGO_UAV",
      "armed": false,
      "size_class": "LARGE",
      "recommended_method": null,
      "config": {
        "max_speed": 15.794454733841121,
        "cruise_speed": 11.818634220398962,
        "acceleration": 6.874720233026892,
        "turn_rate": 78.73824986047111,
        "climb_rate": 4.32463067304343,
        "evasion_trigger_distance": 123.55470314156264,
        "evasion_maneuver_strength": 0.8428292790194973
      },
      "target_position": {
        "x": -15.014425199478865,
        "y": 115.69706462323666,
        "altitude": 102.58250063285232
      }
    },
    {
      "id": "DRONE-E",
      "position": {
        "x": -674.8260578146575,
        "y": 112.83387257990641,
        "altitude": 66.94331200094894
      },
      "velocity": {
        "vx": -1.6396217822383221,
        "vy": -9.806093492283178,
        "climbRate": 0.022584897466003895
      },
      "behavior": "RECON",
      "is_hostile": true,
      "drone_type": "LOITER_MUNITION",
      "armed": true,
      "size_class": "MEDIUM",
      "recommended_method": "JAM",
      "config": {
        "max_speed": 29.52123964088969,
        "cruise_speed": 19.88444911665283,
        "acceleration": 8.822754963068292,
        "turn_rate": 54.03596439748071,
        "climb_rate": 3.8120226045139134,
        "evasion_trigger_distance": 95.53966046543792,
        "evasion_maneuver_strength": 0.8245929816039279
      },
      "target_position": {
        "x": 184.34530906379223,
        "y": 138.14732870087028,
        "altitude": 174.1697515361011
      }
    },
    {
      "id": "DRONE-F",
      "position": {
        "x": 92.18261409803151,
        "y": -440.9413923602534,
        "altitude": 32.06312007503584
      },
      "velocity": {
        "vx": 2.7030808434584137,
        "vy": 0.565102443511877,
        "climbRate": 1.8289258424192667
      },
      "behavior": "RECON",
      "is_hostile": false,
      "drone_type": "CARGO_UAV",
      "armed": false,
      "size_class": "MEDIUM",
      "recommended_method": null,
      "config": {
        "max_speed": 17.466393773211166,
        "cruise_speed": 5.5230378662236035,
        "acceleration": 5.1402022370602936,
        "turn_rate": 105.52991518517956,
        "climb_rate": 3.511472892249003,
        "evasion_trigger_distance": 94.52673143474385,
        "evasion_maneuver_strength": 0.6246859142556787
      },
      "target_position": {
        "x": -79.53722923994064,
        "y": 13.648693263530731,
        "altitude": 135.81818917766213
      }
    },
    {
      "id": "DRONE-G",
      "position": {
        "x": -321.2438915639672,
        "y": 181.1157541846218,
        "altitude": 137.75983362458646
      },
      "velocity": {
        "vx": -4.07989195195927,
        "vy": -7.236479088792543,
        "climbRate": 1.0413103476166725
      },
      "behavior": "RECON",
      "is_hostile": true,
      "drone_type": "RECON_UAV",
      "armed": false,
      "size_class": "SMALL",
      "recommended_method": "NET",
      "config": {
        "max_speed": 20.07436243072152,
        "cruise_speed": 16.61471010185778,
        "acceleration": 4.6490486653056,
        "turn_rate": 102.51018634764478,
        "climb_rate": 5.001542253419757,
        "evasion_trigger_distance": 105.5225679720752,
        "evasion_maneuver_strength": 0.9787709884112701
      },
      "target_position": {
        "x": -120.82301462069154,
        "y": 47.44847109541297,
        "altitude": 104.35724107548594
      }
    },
    {
      "id": "DRONE-H",
      "position": {
        "x": -247.32680042549873,
        "y": -519.0642269901812,
        "altitude": 154.58875799318776
      },
      "velocity": {
        "vx": 6.215047708549234,
        "vy": 13.043507331171588,
        "climbRate": 1.6599245881661773
      },
      "behavior": "NORMAL",
      "is_hostile": false,
      "drone_type": "CARGO_UAV",
      "armed": false,
      "size_class": "MEDIUM",
      "recommended_method": null,
      "config": {
        "max_speed": 16.51197478431277,
        "cruise_speed": 14.448525928892195,
        "acceleration": 6.308093084022403,
        "turn_rate": 112.22494178102352,
        "climb_rate": 4.544653769815341,
        "evasion_trigger_distance": 140.3737700311467,
        "evasion_maneuver_strength": 0.8079404205782339
      }
    },
    {
      "id": "DRONE-I",
      "position": {
        "x": 2.802555864759636,
        "y": 324.798057779733,
        "altitude": 126.94292401196435
      },
      "velocity": {
        "vx": -0.08927346330992916,
        "vy": -10.346215702223695,
        "climbRate": -1.7778919776901603
      },
      "behavior": "NORMAL",
      "is_hostile": false,
      "drone_type": "CIVILIAN",
      "armed": false,
      "size_class": "SMALL",
      "recommended_method": null,
      "config": {
        "max_speed": 14.154886577837168,