{
  "id": "gen_54325",
  "name": "자동생성 시나리오 (5기)",
  "seed": 54325,
  "created_at": "2025-12-02T03:21:17.599Z",
  "drones": [
    {
      "id": "DRONE-A",
      "position": {
        "x": -561.8459989896257,
        "y": -396.1252708341256,
        "altitude": 189.16348312282935
      },
      "velocity": {
        "vx": 3.9918095716005233,
        "vy": -5.661800449664808,
        "climbRate": -0.5146679263561964
      },
      "behavior": "RECON",
      "is_hostile": false,
      "drone_type": "CARGO_UAV",
      "armed": false,
      "size_class": "MEDIUM",
      "recommended_method": null,
      "config": {
        "max_speed": 17.022167096380144,
        "cruise_speed": 13.855039225891232,
        "acceleration": 3.799900626530871,
        "turn_rate": 71.57135997433215,
        "climb_rate": 6.623589718481526,
        "evasion_trigger_distance": 96.21939932927489,
        "evasion_maneuver_strength": 0.628108409116976
      },
      "target_position": {
        "x": -148.2111059129238,
        "y": -142.90040954947472,
        "altitude": 122.95215981081128
      }
    },
    {
      "id": "DRONE-B",
      "position": {
        "x": 6.737954668942169,
        "y": 312.83914414284897,
        "altitude": 134.2717171809636
      },
      "velocity": {
        "vx": -0.1421179363840852,
        "vy": -6.59844949546464,
        "climbRate": 0.9559640772640705
      },
      "behavior": "NORMAL",
      "is_hostile": true,
      "drone_type": "UNKNOWN",
      "armed": false,
      "size_class": "MEDIUM",
      "recommended_method": "JAM",
      "config": {
        "max_speed": 29.66308628791012,
        "cruise_speed": 6.599979791790247,
        "acceleration": 9.969397188164294,
        "turn_rate": 94.5210510387551,
        "climb_rate": 6.802063235780224,
        "evasion_trigger_distance": 102.18080546939746,
        "evasion_maneuver_strength": 0.8711244650185108
      }
    },
    {
      "id": "DRONE-C",
      "position": {
        "x": 375.7263085687173,
        "y": -600.4043376235312,
        "altitude": 88.65195225924253
      },
      "velocity": {
        "vx": 4.224603842799609,
        "vy": 2.6437097594980887,
        "climbRate": -1.8210441814735532
      },
      "behavior": "RECON",
      "is_hostile": false,
      "drone_type": "CIVILIAN",
      "armed": false,
      "size_class": "SMALL",
      "recommended_method": null,
      "config": {
        "max_speed": 12.851100232824683,
        "cruise_speed": 9.967242130311206,
        "acceleration": 7.39433643873781,
        "turn_rate": 63.31959365517832,
        "climb_rate": 3.4151389747858047,
        "evasion_trigger_distance": 94.522861961741,
        "evasion_maneuver_strength": 0.8260288699530065
      },
      "target_position": {
        "x": 47.57516859099269,
        "y": -170.40075408294797,
        "altitude": 123.21332955732942
      }
    },
    {
      "id": "DRONE-D",
      "position": {
        "x": 606.6766044618812,
        "y": -225.308562013402,
        "altitude": 76.88837577356026
      },
      "velocity": {
        "vx": 5.53420255243662,
        "vy": 14.90165834317833,
        "climbRate": -1.3139736540615559
      },
      "behavior": "RECON",
      "is_hostile": false,
      "drone_type": "ATTACK_UAV",
      "armed": false,
      "size_class": "LARGE",
      "recommended_method": null,
      "config": {
        "max_speed": 36.223985836841166,
        "cruise_speed": 31.792251840233803,
        "acceleration": 5.038818571250886,
        "turn_rate": 92.33845859882422,
        "climb_rate": 3.4564753430895507,
        "evasion_trigger_distance": 129.2772989999503,
        "evasion_maneuver_strength": 0.7360083452658728
      },
      "target_position": {
        "x": -106.09091501682997,
        "y": 91.99008150026202,
        "altitude": 143.97132191807032
      }
    },
    {
      "id": "DRONE-E",
      "position": {
        "x": 421.2349803453863,
        "y": -356.664552603002,
        "altitude": 146.78837703773752
      },
      "velocity": {
        "vx": -7.5265092818791635,
        "vy": 6.372782866899377,
        "climbRate": -1.5300262728706002
      },
      "behavior": "NORMAL",
      "is_hostile": false,
      "drone_type": "UNKNOWN",
      "armed": false,
      "size_class": "SMALL",
      "recommended_method": null,
      "config": {
        "max_speed": 25.97769580432214,
        "cruise_speed": 9.862084132619202,
        "acceleration": 4.953305841889232,
        "turn_rate": 76.91032642498612,
        "climb_rate": 5.254731297725812,
        "evasion_trigger_distance": 109.28391101304442,
        "evasion_maneuver_strength": 0.9697178057394922
      }
    }
  ],
  "interceptor_count": 1,
  "radar_config": {
    "scan_rate": 0.846989324549213,
    "max_range": 1186,
    "radial_noise_sigma": 15.68586315959692,
    "azimuth_noise_sigma": 4.0510559137910604,
    "false_alarm_rate": 0.028043838201556353,
    "miss_probability": 0.10352917847223579
  },
  "acoustic_config": {
    "enabled": true,
    "detection_range": 757,
    "takeoff_boost": 0.3434025076683611,
    "approach_boost": 0.2770138650201261,
    "false_alarm_rate": 0.009262525121448562,
    "miss_probability": 0.17906446470879017
  },
  "behavior_distribution": {
    "direct_attack": 0.5172849520199108,
    "recon_loiter": 0.17438922673444748,
    "evasive": 0.15292516668740025,
    "random_walk": 0.15540065455824148
  },
  "metadata": {
    "hostile_ratio": 0.2,
    "armed_ratio": 0,
    "avg_initial_distance": 582,
    "difficulty_estimate": 4,
    "drone_type_distribution": {
      "RECON_UAV": 0,
      "ATTACK_UAV": 1,
      "LOITER_MUNITION": 0,
      "CARGO_UAV": 1,
      "CIVILIAN": 1,
      "UNKNOWN": 2
    },
    "size_distribution": {
      "SMALL": 2,
      "MEDIUM": 2,
      "LARGE": 1
    }
  }
}